NCBI accession number,name of the virus,genus of host,family of host,order of host,class of host,phylum of host,domain of host
NC_015209, Vibrio phage CTX,Vibrio,Vibrionaceae,Vibrionales,Gammaproteobacteria,Proteobacteria,bacteria
NC_022762,Lactobacillus phage phiLdb,Lactobacillus,Lactobacillaceae,Lactobacillales,Bacilli,Firmicutes,bacteria
NC_022764,Bacillus phage Page,Bacillus,Bacillaceae,Bacillales,Bacilli,Firmicutes,bacteria
NC_022768,Salmonella phage Maynard,Salmonella,Enterobacteriaceae,Enterobacteriales,Gammaproteobacteria,Proteobacteria,bacteria
NC_022774,Bacillus phage Slash,Bacillus,Bacillaceae,Bacillales,Bacilli,Firmicutes,bacteria
NC_022775,Lactobacillus phage phiJB,NA,NA,NA,NA,NA,bacteria
NC_022980,Brevibacillus phage Davies,Brevibacillus,Paenibacillaceae,Bacillales,Bacilli,Firmicutes,bacteria
NC_023498,Mycobacterium phage Validus,Mycobacterium,Mycobacteriaceae,Corynebacteriales,Actinobacteria,Actinobacteria,bacteria
NC_023499,Staphylococcus phage StauST398-4,Staphylococcus,Staphylococcaceae,Bacillales,Bacilli,Firmicutes,bacteria
NC_023500,Staphylococcus phage StauST398-5,Staphylococcus,Staphylococcaceae,Bacillales,Bacilli,Firmicutes,bacteria
NC_023501,Bacillus phage BPS10C,NA,NA,NA,NA,NA,bacteria
NC_023502,Rhizobium phage vB_RleS_L338C,Rhizobium,Rhizobiaceae,Rhizobiales,Alphaproteobacteria,Proteobacteria,bacteria
NC_023503,Streptococcus phage 20617,Streptococcus,Streptococcaceae,Lactobacillales,Bacilli,Firmicutes,bacteria
NC_023548,Citrobacter phage CR8,Citrobacter,Enterobacteriaceae,Enterobacteriales,Gammaproteobacteria,Proteobacteria,bacteria
NC_023549,Clavibacter phage CN1A,Clavibacter,Microbacteriaceae,Micrococcales,Actinobacteria,Actinobacteria,bacteria
NC_023550,Staphylococcus phage GRCS,Staphylococcus,Staphylococcaceae,Bacillales,Bacilli,Firmicutes,bacteria
NC_023551,Enterococcus phage IME-EF4,Enterococcus,Enterococcaceae,Lactobacillales,Bacilli,Firmicutes,bacteria
NC_023552,Mycobacterium phage Donovan,Mycobacterium,Mycobacteriaceae,Corynebacteriales,Actinobacteria,Actinobacteria,bacteria
NC_023553,Mycobacterium phage Echild,Mycobacterium,Mycobacteriaceae,Corynebacteriales,Actinobacteria,Actinobacteria,bacteria
NC_023554,Mycobacterium phage JAMaL,Mycobacterium,Mycobacteriaceae,Corynebacteriales,Actinobacteria,Actinobacteria,bacteria
NC_023555,Edwardsiella phage eiAU-183,Edwardsiella,Enterobacteriaceae,Enterobacteriales,Gammaproteobacteria,Proteobacteria,bacteria
NC_023556,Achromobacter phage JWAlpha,Achromobacter,Alcaligenaceae,Burkholderiales,Betaproteobacteria,Proteobacteria,bacteria
NC_023557,Erwinia phage Ea35-70,Erwinia,Enterobacteriaceae,Enterobacteriales,Gammaproteobacteria,Proteobacteria,bacteria
NC_023558,Cronobacter phage Dev2,Cronobacter,Enterobacteriaceae,Enterobacteriales,Gammaproteobacteria,Proteobacteria,bacteria
NC_023559,Oenococcus phage phi9805,NA,NA,NA,NA,NA,bacteria
NC_023560,Oenococcus phage phiS13,Oenococcus,Leuconostocaceae,Lactobacillales,Bacilli,Firmicutes,bacteria
NC_023561,Enterobacter phage PG7,Enterobacter,Enterobacteriaceae,Enterobacteriales,Gammaproteobacteria,Proteobacteria,bacteria
NC_023562,Mycobacterium phage BellusTerra,Mycobacterium,Mycobacteriaceae,Corynebacteriales,Actinobacteria,Actinobacteria,bacteria
NC_023563,Mycobacterium phage Suffolk,Mycobacterium,Mycobacteriaceae,Corynebacteriales,Actinobacteria,Actinobacteria,bacteria
NC_023564,Mycobacterium phage EagleEye,Mycobacterium,Mycobacteriaceae,Corynebacteriales,Actinobacteria,Actinobacteria,bacteria
NC_023565,Mycobacterium phage Nyxis,Mycobacterium,Mycobacteriaceae,Corynebacteriales,Actinobacteria,Actinobacteria,bacteria
NC_023566,Rhizobium phage vB_RglS_P106B,Rhizobium,Rhizobiaceae,Rhizobiales,Alphaproteobacteria,Proteobacteria,bacteria
NC_023567,Klebsiella phage F19,NA,NA,NA,NA,NA,bacteria
NC_023568,Vibrio phage VH7D,Vibrio,Vibrionaceae,Vibrionales,Gammaproteobacteria,Proteobacteria,bacteria
NC_023569,Vibrio phage SHOU24,Vibrio,Vibrionaceae,Vibrionales,Gammaproteobacteria,Proteobacteria,bacteria
NC_023570,Acinetobacter phage Petty,Acinetobacter,Moraxellaceae,Pseudomonadales,Gammaproteobacteria,Proteobacteria,bacteria
NC_023571,Oenococcus phage phiS11,Oenococcus,Leuconostocaceae,Lactobacillales,Bacilli,Firmicutes,bacteria
NC_023572,Mycobacterium phage MichelleMyBell,Mycobacterium,Mycobacteriaceae,Corynebacteriales,Actinobacteria,Actinobacteria,bacteria
NC_023573,Staphylococcus phage phiSA012,Staphylococcus,Staphylococcaceae,Bacillales,Bacilli,Firmicutes,bacteria
NC_023574,Lactococcus phage phiL47,Lactococcus,Streptococcaceae,Lactobacillales,Bacilli,Firmicutes,bacteria
NC_023575,Pseudomonas phage vB_PaeP_Tr60_Ab31,Pseudomonas,Pseudomonadaceae,Pseudomonadales,Gammaproteobacteria,Proteobacteria,bacteria
NC_023576,Citrobacter phage CR44b,Citrobacter,Enterobacteriaceae,Enterobacteriales,Gammaproteobacteria,Proteobacteria,bacteria
NC_023577,Mycobacterium phage Obama12,Mycobacterium,Mycobacteriaceae,Corynebacteriales,Actinobacteria,Actinobacteria,bacteria
NC_023578,Mycobacterium phage Oaker,Mycobacterium,Mycobacteriaceae,Corynebacteriales,Actinobacteria,Actinobacteria,bacteria
NC_023579,Erwinia phage Ea9-2,Erwinia,Enterobacteriaceae,Enterobacteriales,Gammaproteobacteria,Proteobacteria,bacteria
NC_023580,Mycobacterium phage Saal,Mycobacterium,Mycobacteriaceae,Corynebacteriales,Actinobacteria,Actinobacteria,bacteria
NC_023581,Acinetobacter phage Presley,Acinetobacter,Moraxellaceae,Pseudomonadales,Gammaproteobacteria,Proteobacteria,bacteria
NC_023582,Staphylococcus phage vB_SepS_SEP9,Staphylococcus,Staphylococcaceae,Bacillales,Bacilli,Firmicutes,bacteria
NC_023583,Pseudomonas phage TL,Pseudomonas,Pseudomonadaceae,Pseudomonadales,Gammaproteobacteria,Proteobacteria,bacteria
NC_023584,Synechococcus phage S-MbCM100,Synechococcus,,Chroococcales,,Cyanobacteria,bacteria
NC_023586,Ralstonia phage 1 NP-2014,NA,NA,NA,NA,NA,bacteria
NC_023587,Synechococcus phage ACG-2014h,Synechococcus,,Chroococcales,,Cyanobacteria,bacteria
NC_023588,Stenotrophomonas phage Smp131,Stenotrophomonas,Xanthomonadaceae,Xanthomonadales,Gammaproteobacteria,Proteobacteria,bacteria
NC_023589,Shigella phage pSb-1,Shigella,Enterobacteriaceae,Enterobacteriales,Gammaproteobacteria,Proteobacteria,bacteria
NC_023590,Acinetobacter phage IME_AB3,Acinetobacter,Moraxellaceae,Pseudomonadales,Gammaproteobacteria,Proteobacteria,bacteria
NC_023591,Mycobacterium phage Adler,Mycobacterium,Mycobacteriaceae,Corynebacteriales,Actinobacteria,Actinobacteria,bacteria
NC_023592,Haloarcula hispanica pleomorphic virus 2,Haloarcula,Halobacteriaceae,Halobacteriales,Halobacteria,Euryarchaeota,bacteria
NC_023593,Escherichia phage KBNP1711,Escherichia,Enterobacteriaceae,Enterobacteriales,Gammaproteobacteria,Proteobacteria,bacteria
NC_023594,Shewanella phage Spp001,Shewanella,Shewanellaceae,Alteromonadales,Gammaproteobacteria,Proteobacteria,bacteria
NC_023595,Enterococcus phage IME_EF3,Enterococcus,Enterococcaceae,Lactobacillales,Bacilli,Firmicutes,bacteria
NC_023597,Mycobacterium phage 20ES,Mycobacterium,Mycobacteriaceae,Corynebacteriales,Actinobacteria,Actinobacteria,bacteria
NC_023599,Bacillus phage phiCM3,Bacillus,Bacillaceae,Bacillales,Bacilli,Firmicutes,bacteria
NC_023600,Mycobacterium phage Jolie1,NA,NA,NA,NA,NA,bacteria
NC_023601,Pseudomonas phage phiPsa374,Pseudomonas,Pseudomonadaceae,Pseudomonadales,Gammaproteobacteria,Proteobacteria,bacteria
NC_023602,Mycobacterium phage 32HC,NA,NA,NA,NA,NA,bacteria
NC_023603,Mycobacterium phage 39HC,NA,NA,NA,NA,NA,bacteria
NC_023604,Mycobacterium phage Jolie2,Mycobacterium,Mycobacteriaceae,Corynebacteriales,Actinobacteria,Actinobacteria,bacteria
NC_023605,Vibrio phage PVA1,Vibrio,Vibrionaceae,Vibrionales,Gammaproteobacteria,Proteobacteria,bacteria
NC_023606,Mycobacterium phage CRB1,Mycobacterium,Mycobacteriaceae,Corynebacteriales,Actinobacteria,Actinobacteria,bacteria
NC_023607,Mycobacterium phage 40AC,NA,NA,NA,NA,NA,bacteria
NC_023608,Salmonella phage vB_SenS-Ent2,Salmonella,Enterobacteriaceae,Enterobacteriales,Gammaproteobacteria,Proteobacteria,bacteria
NC_023609,Mycobacterium phage RhynO,Mycobacterium,Mycobacteriaceae,Corynebacteriales,Actinobacteria,Actinobacteria,bacteria
NC_023610,Erwinia phage PhiEaH1,Erwinia,Enterobacteriaceae,Enterobacteriales,Gammaproteobacteria,Proteobacteria,bacteria
NC_023612,Geobacillus phage GBK2,Geobacillus,Bacillaceae,Bacillales,Bacilli,Firmicutes,bacteria
NC_023614,Croceibacter phage P2559Y,Croceibacter,Flavobacteriaceae,Flavobacteriales,Flavobacteriia,Bacteroidetes,bacteria
NC_023686,Mycobacterium phage Gadjet,Mycobacterium,Mycobacteriaceae,Corynebacteriales,Actinobacteria,Actinobacteria,bacteria
NC_023687,Mycobacterium phage Bruns,Mycobacterium,Mycobacteriaceae,Corynebacteriales,Actinobacteria,Actinobacteria,bacteria
NC_023688,Aeromonas phage PX29,Aeromonas,Aeromonadaceae,Aeromonadales,Gammaproteobacteria,Proteobacteria,bacteria
NC_023689,Mycobacterium phage Lilac,Mycobacterium,Mycobacteriaceae,Corynebacteriales,Actinobacteria,Actinobacteria,bacteria
NC_023690,Mycobacterium phage Courthouse,Mycobacterium,Mycobacteriaceae,Corynebacteriales,Actinobacteria,Actinobacteria,bacteria
NC_023691,Mycobacterium phage Patience,Mycobacterium,Mycobacteriaceae,Corynebacteriales,Actinobacteria,Actinobacteria,bacteria
NC_023692,Mycobacterium phage BigNuz,Mycobacterium,Mycobacteriaceae,Corynebacteriales,Actinobacteria,Actinobacteria,bacteria
NC_023694,Rhodococcus phage ReqiPoco6,Rhodococcus,Nocardiaceae,Corynebacteriales,Actinobacteria,Actinobacteria,bacteria
NC_023695,Mycobacterium phage Violet,Mycobacterium,Mycobacteriaceae,Corynebacteriales,Actinobacteria,Actinobacteria,bacteria
NC_023696,Mycobacterium phage Dandelion,Mycobacterium,Mycobacteriaceae,Corynebacteriales,Actinobacteria,Actinobacteria,bacteria
NC_023697,Mycobacterium phage Babsiella,Mycobacterium,Mycobacteriaceae,Corynebacteriales,Actinobacteria,Actinobacteria,bacteria
NC_023698,Mycobacterium phage Avani,Mycobacterium,Mycobacteriaceae,Corynebacteriales,Actinobacteria,Actinobacteria,bacteria
NC_023699,Mycobacterium phage SG4,Mycobacterium,Mycobacteriaceae,Corynebacteriales,Actinobacteria,Actinobacteria,bacteria
NC_023700,Pseudomonas phage PA1phi,Pseudomonas,Pseudomonadaceae,Pseudomonadales,Gammaproteobacteria,Proteobacteria,bacteria
NC_023701,Mycobacterium phage Acadian,Mycobacterium,Mycobacteriaceae,Corynebacteriales,Actinobacteria,Actinobacteria,bacteria
NC_023702,Mycobacterium phage Kugel,Mycobacterium,Mycobacteriaceae,Corynebacteriales,Actinobacteria,Actinobacteria,bacteria
NC_023703,Mycobacterium phage Dori,Mycobacterium,Mycobacteriaceae,Corynebacteriales,Actinobacteria,Actinobacteria,bacteria
NC_023704,Mycobacterium phage Doom,Mycobacterium,Mycobacteriaceae,Corynebacteriales,Actinobacteria,Actinobacteria,bacteria
NC_023705,Mycobacterium phage Liefie,Mycobacterium,Mycobacteriaceae,Corynebacteriales,Actinobacteria,Actinobacteria,bacteria
NC_023706,Rhodococcus phage ReqiDocB7,Rhodococcus,Nocardiaceae,Corynebacteriales,Actinobacteria,Actinobacteria,bacteria
NC_023707,Mycobacterium phage Turbido,Mycobacterium,Mycobacteriaceae,Corynebacteriales,Actinobacteria,Actinobacteria,bacteria
NC_023708,Mycobacterium phage Dreamboat,Mycobacterium,Mycobacteriaceae,Corynebacteriales,Actinobacteria,Actinobacteria,bacteria
NC_023709,Mycobacterium phage Wile,Mycobacterium,Mycobacteriaceae,Corynebacteriales,Actinobacteria,Actinobacteria,bacteria
NC_023710,Mycobacterium phage RidgeCB,Mycobacterium,Mycobacteriaceae,Corynebacteriales,Actinobacteria,Actinobacteria,bacteria
NC_023711,Mycobacterium phage Oline,Mycobacterium,Mycobacteriaceae,Corynebacteriales,Actinobacteria,Actinobacteria,bacteria
NC_023712,Mycobacterium phage Firecracker,Mycobacterium,Mycobacteriaceae,Corynebacteriales,Actinobacteria,Actinobacteria,bacteria
NC_023713,Mycobacterium phage Blue7,Mycobacterium,Mycobacteriaceae,Corynebacteriales,Actinobacteria,Actinobacteria,bacteria
NC_023714,Mycobacterium phage LinStu,Mycobacterium,Mycobacteriaceae,Corynebacteriales,Actinobacteria,Actinobacteria,bacteria
NC_023715,Yersinia phage Yep-phi,Yersinia,Enterobacteriaceae,Enterobacteriales,Gammaproteobacteria,Proteobacteria,bacteria
NC_023716,Mycobacterium phage Alma,Mycobacterium,Mycobacteriaceae,Corynebacteriales,Actinobacteria,Actinobacteria,bacteria
NC_023717,Cronobacter phage CR9,Cronobacter,Enterobacteriaceae,Enterobacteriales,Gammaproteobacteria,Proteobacteria,bacteria
NC_023718,Pseudomonas phage phiPto-bp6g,Pseudomonas,Pseudomonadaceae,Pseudomonadales,Gammaproteobacteria,Proteobacteria,bacteria
NC_023719,Bacillus phage G,Bacillus,Bacillaceae,Bacillales,Bacilli,Firmicutes,bacteria
NC_023720,Mycobacterium phage Perseus,Mycobacterium,Mycobacteriaceae,Corynebacteriales,Actinobacteria,Actinobacteria,bacteria
NC_023721,Mycobacterium phage Drago,Mycobacterium,Mycobacteriaceae,Corynebacteriales,Actinobacteria,Actinobacteria,bacteria
NC_023722,Rhodococcus phage ReqiPine5,Rhodococcus,Nocardiaceae,Corynebacteriales,Actinobacteria,Actinobacteria,bacteria
NC_023723,Mycobacterium phage Aeneas,Mycobacterium,Mycobacteriaceae,Corynebacteriales,Actinobacteria,Actinobacteria,bacteria
NC_023724,Mycobacterium phage Larva,Mycobacterium,Mycobacteriaceae,Corynebacteriales,Actinobacteria,Actinobacteria,bacteria
NC_023725,Mycobacterium phage Nappy,Mycobacterium,Mycobacteriaceae,Corynebacteriales,Actinobacteria,Actinobacteria,bacteria
NC_023726,Mycobacterium phage Euphoria,Mycobacterium,Mycobacteriaceae,Corynebacteriales,Actinobacteria,Actinobacteria,bacteria
NC_023727,Mycobacterium phage Vista,Mycobacterium,Mycobacteriaceae,Corynebacteriales,Actinobacteria,Actinobacteria,bacteria
NC_023728,Mycobacterium phage DeadP,Mycobacterium,Mycobacteriaceae,Corynebacteriales,Actinobacteria,Actinobacteria,bacteria
NC_023729,Mycobacterium phage Charlie,Mycobacterium,Mycobacteriaceae,Corynebacteriales,Actinobacteria,Actinobacteria,bacteria
NC_023730,Mycobacterium phage Redi,Mycobacterium,Mycobacteriaceae,Corynebacteriales,Actinobacteria,Actinobacteria,bacteria
NC_023731,Mycobacterium phage Trixie,Mycobacterium,Mycobacteriaceae,Corynebacteriales,Actinobacteria,Actinobacteria,bacteria
NC_023732,Mycobacterium phage Rumpelstiltskin,Mycobacterium,Mycobacteriaceae,Corynebacteriales,Actinobacteria,Actinobacteria,bacteria
NC_023733,Mycobacterium phage MoMoMixon,Mycobacterium,Mycobacteriaceae,Corynebacteriales,Actinobacteria,Actinobacteria,bacteria
NC_023734,Psychrobacter phage Psymv2,Psychrobacter,Moraxellaceae,Pseudomonadales,Gammaproteobacteria,Proteobacteria,bacteria
NC_023735,Rhodococcus phage ReqiPepy6,Rhodococcus,Nocardiaceae,Corynebacteriales,Actinobacteria,Actinobacteria,bacteria
NC_023736,Ralstonia phage RSB2,Ralstonia,Burkholderiaceae,Burkholderiales,Betaproteobacteria,Proteobacteria,bacteria
NC_023737,Mycobacterium phage Pleione,Mycobacterium,Mycobacteriaceae,Corynebacteriales,Actinobacteria,Actinobacteria,bacteria
NC_023738,Mycobacterium phage Thibault,Mycobacterium,Mycobacteriaceae,Corynebacteriales,Actinobacteria,Actinobacteria,bacteria
NC_023739,Mycobacterium phage BillKnuckles,Mycobacterium,Mycobacteriaceae,Corynebacteriales,Actinobacteria,Actinobacteria,bacteria
NC_023740,Mycobacterium phage JacAttac,Mycobacterium,Mycobacteriaceae,Corynebacteriales,Actinobacteria,Actinobacteria,bacteria
NC_023741,Mycobacterium phage Stinger,Mycobacterium,Mycobacteriaceae,Corynebacteriales,Actinobacteria,Actinobacteria,bacteria
NC_023742,Mycobacterium phage Akoma,Mycobacterium,Mycobacteriaceae,Corynebacteriales,Actinobacteria,Actinobacteria,bacteria
NC_023743,Escherichia phage EB49,Escherichia,Enterobacteriaceae,Enterobacteriales,Gammaproteobacteria,Proteobacteria,bacteria
NC_023744,Mycobacterium phage DS6A,Mycobacterium,Mycobacteriaceae,Corynebacteriales,Actinobacteria,Actinobacteria,bacteria
NC_023746,Mycobacterium phage GUmbie,Mycobacterium,Mycobacteriaceae,Corynebacteriales,Actinobacteria,Actinobacteria,bacteria
NC_023747,Mycobacterium phage BarrelRoll,Mycobacterium,Mycobacteriaceae,Corynebacteriales,Actinobacteria,Actinobacteria,bacteria
NC_023748,Mycobacterium phage SkiPole,Mycobacterium,Mycobacteriaceae,Corynebacteriales,Actinobacteria,Actinobacteria,bacteria
NC_023856,Salmonella phage vB_SalM_SJ2,NA,NA,NA,NA,NA,bacteria
NC_023859,Microbacterium phage vB_MoxS-ISF9,Microbacterium,Microbacteriaceae,Micrococcales,Actinobacteria,Actinobacteria,bacteria
NC_023862,Mycobacterium phage Alsfro,Mycobacterium,Mycobacteriaceae,Corynebacteriales,Actinobacteria,Actinobacteria,bacteria
NC_023863,Vibrio phage CHOED,Vibrio,Vibrionaceae,Vibrionales,Gammaproteobacteria,Proteobacteria,bacteria
NC_023865,Pectobacterium phage PM1,Pectobacterium,Enterobacteriaceae,Enterobacteriales,Gammaproteobacteria,Proteobacteria,bacteria
NC_024121,Serratia phage PS2,Serratia,Enterobacteriaceae,Enterobacteriales,Gammaproteobacteria,Proteobacteria,bacteria
NC_024122,Salmonella phage vB_SalM_SJ3,NA,NA,NA,NA,NA,bacteria
NC_024123,Pseudomonas phage KPP25,Pseudomonas,Pseudomonadaceae,Pseudomonadales,Gammaproteobacteria,Proteobacteria,bacteria
NC_024124,Escherichia phage vB_EcoM_JS09,Escherichia,Enterobacteriaceae,Enterobacteriales,Gammaproteobacteria,Proteobacteria,bacteria
NC_024125,Escherichia phage e11/2,Escherichia,Enterobacteriaceae,Enterobacteriales,Gammaproteobacteria,Proteobacteria,bacteria
NC_024134,Escherichia phage vB_EcoM_FFH2,Escherichia,Enterobacteriaceae,Enterobacteriales,Gammaproteobacteria,Proteobacteria,bacteria
NC_024135,Mycobacterium phage Bernal13,Mycobacterium,Mycobacteriaceae,Corynebacteriales,Actinobacteria,Actinobacteria,bacteria
NC_024136,Mycobacterium phage Seabiscuit,Mycobacterium,Mycobacteriaceae,Corynebacteriales,Actinobacteria,Actinobacteria,bacteria
NC_024137,Bacillus phage Bcp1,Bacillus,Bacillaceae,Bacillales,Bacilli,Firmicutes,bacteria
NC_024138,Mycobacterium phage MosMoris,Mycobacterium,Mycobacteriaceae,Corynebacteriales,Actinobacteria,Actinobacteria,bacteria
NC_024139,Escherichia phage vB_EcoS_FFH1,Escherichia,Enterobacteriaceae,Enterobacteriales,Gammaproteobacteria,Proteobacteria,bacteria
NC_024140,Pseudomonas phage vB_PaeP_C2-10_Ab09,Pseudomonas,Pseudomonadaceae,Pseudomonadales,Gammaproteobacteria,Proteobacteria,bacteria
NC_024141,Mycobacterium phage Kampy,Mycobacterium,Mycobacteriaceae,Corynebacteriales,Actinobacteria,Actinobacteria,bacteria
NC_024142,Enterobacteria phage Bp4,Escherichia,Enterobacteriaceae,Enterobacteriales,Gammaproteobacteria,Proteobacteria,bacteria
NC_024143,Mycobacterium phage Lamina13,Mycobacterium,Mycobacteriaceae,Corynebacteriales,Actinobacteria,Actinobacteria,bacteria
NC_024144,Clostridium phage CDMH1,NA,NA,NA,NA,NA,bacteria
NC_024145,Mycobacterium phage Hosp,NA,NA,NA,NA,NA,bacteria
NC_024146,Enterobacteria phage 9g,Escherichia,Enterobacteriaceae,Enterobacteriales,Gammaproteobacteria,Proteobacteria,bacteria
NC_024147,Mycobacterium phage ZoeJ,Mycobacterium,Mycobacteriaceae,Corynebacteriales,Actinobacteria,Actinobacteria,bacteria
NC_024148,Mycobacterium phage Phantastic,Mycobacterium,Mycobacteriaceae,Corynebacteriales,Actinobacteria,Actinobacteria,bacteria
NC_024149,Lactoccocus phage WP-2,Lactococcus,Streptococcaceae,Lactobacillales,Bacilli,Firmicutes,bacteria
NC_024203,Lactococcus phage P092,Lactococcus,Streptococcaceae,Lactobacillales,Bacilli,Firmicutes,bacteria
NC_024204,Salmonella phage vB_SenS-Ent3,Salmonella,Enterobacteriaceae,Enterobacteriales,Gammaproteobacteria,Proteobacteria,bacteria
NC_024205,Bacillus phage Hoody T,NA,NA,NA,NA,NA,bacteria
NC_024207,Bacillus phage Evoli,NA,NA,NA,NA,NA,bacteria
NC_024208,Lactococcus phage P118,Lactococcus,Streptococcaceae,Lactobacillales,Bacilli,Firmicutes,bacteria
NC_024209,Mycobacterium phage Hawkeye,Mycobacterium,Mycobacteriaceae,Corynebacteriales,Actinobacteria,Actinobacteria,bacteria
NC_024210,Escherichia phage e4/1c,NA,NA,NA,NA,NA,bacteria
NC_024211,Bacillus phage Megatron,NA,NA,NA,NA,NA,bacteria
NC_024212,Enterococcus phage VD13,Enterococcus,Enterococcaceae,Lactobacillales,Bacilli,Firmicutes,bacteria
NC_024213,Bacillus phage Hakuna,NA,NA,NA,NA,NA,bacteria
NC_024214,Lactococcus phage P162,Lactococcus,Streptococcaceae,Lactobacillales,Bacilli,Firmicutes,bacteria
NC_024215,Lactococcus phage P078,Lactococcus,Streptococcaceae,Lactobacillales,Bacilli,Firmicutes,bacteria
NC_024216,Bacillus phage CAM003,Bacillus,Bacillaceae,Bacillales,Bacilli,Firmicutes,bacteria
NC_024217,Nitrincola phage 1M3-16,Nitrincola,Oceanospirillaceae,Oceanospirillales,Gammaproteobacteria,Proteobacteria,bacteria
NC_024330,Pseudomonas phage JD024,Pseudomonas,Pseudomonadaceae,Pseudomonadales,Gammaproteobacteria,Proteobacteria,bacteria
NC_024354,Cronobacter phage CR8,Cronobacter,Enterobacteriaceae,Enterobacteriales,Gammaproteobacteria,Proteobacteria,bacteria
NC_024355,Staphylococcus phage 6ec,Staphylococcus,Staphylococcaceae,Bacillales,Bacilli,Firmicutes,bacteria
NC_024356,Enterococcus phage IME-EFm1,NA,NA,NA,NA,NA,bacteria
NC_024357,Streptococcus phage K13,Streptococcus,Streptococcaceae,Lactobacillales,Bacilli,Firmicutes,bacteria
NC_024358,Anabaena phage A-4L,Anabaena,Nostocaceae,Nostocales,,Cyanobacteria,bacteria
NC_024359,Listeria phage LP-048,Listeria,Listeriaceae,Bacillales,Bacilli,Firmicutes,bacteria
NC_024360,Listeria phage LMSP-25,Listeria,Listeriaceae,Bacillales,Bacilli,Firmicutes,bacteria
NC_024361,Streptococcus phage DCC1738,Streptococcus,Streptococcaceae,Lactobacillales,Bacilli,Firmicutes,bacteria
NC_024362,Pseudomonas phage phiPSA2,Pseudomonas,Pseudomonadaceae,Pseudomonadales,Gammaproteobacteria,Proteobacteria,bacteria
NC_024363,Mycobacterium phage Manad,Mycobacterium,Mycobacteriaceae,Corynebacteriales,Actinobacteria,Actinobacteria,bacteria
NC_024364,Listeria phage List-36,Listeria,Listeriaceae,Bacillales,Bacilli,Firmicutes,bacteria
NC_024365,Pseudomonas phage phiPSA1,Pseudomonas,Pseudomonadaceae,Pseudomonadales,Gammaproteobacteria,Proteobacteria,bacteria
NC_024366,Mycobacterium phage OkiRoe,Mycobacterium,Mycobacteriaceae,Corynebacteriales,Actinobacteria,Actinobacteria,bacteria
NC_024367,Dinoroseobacter phage DFL12phi1,Dinoroseobacter,Rhodobacteraceae,Rhodobacterales,Alphaproteobacteria,Proteobacteria,bacteria
NC_024368,Mycobacterium phage Pinto,Mycobacterium,Mycobacteriaceae,Corynebacteriales,Actinobacteria,Actinobacteria,bacteria
NC_024369,Vibrio phage X29,Vibrio,Vibrionaceae,Vibrionales,Gammaproteobacteria,Proteobacteria,bacteria
NC_024370,Streptococcus phage IC1,Streptococcus,Streptococcaceae,Lactobacillales,Bacilli,Firmicutes,bacteria
NC_024371,Mycobacterium phage Damien,Mycobacterium,Mycobacteriaceae,Corynebacteriales,Actinobacteria,Actinobacteria,bacteria
NC_024375,Listeria phage LP-026,Listeria,Listeriaceae,Bacillales,Bacilli,Firmicutes,bacteria
NC_024378,Leuconostoc phage phiLNTR3,Leuconostoc,Leuconostocaceae,Lactobacillales,Bacilli,Firmicutes,bacteria
NC_024379,Escherichia phage PE3-1,Escherichia,Enterobacteriaceae,Enterobacteriales,Gammaproteobacteria,Proteobacteria,bacteria
NC_024380,Leuconostoc phage phiLN6B,Leuconostoc,Leuconostocaceae,Lactobacillales,Bacilli,Firmicutes,bacteria
NC_024381,Pseudomonas phage vB_PaeS_SCH_Ab26,Pseudomonas,Pseudomonadaceae,Pseudomonadales,Gammaproteobacteria,Proteobacteria,bacteria
NC_024383,Listeria phage LP-083-2,Listeria,Listeriaceae,Bacillales,Bacilli,Firmicutes,bacteria
NC_024384,Listeria phage LP-030-3,Listeria,Listeriaceae,Bacillales,Bacilli,Firmicutes,bacteria
NC_024385,Leuconostoc phage phiLN12,Leuconostoc,Leuconostocaceae,Lactobacillales,Bacilli,Firmicutes,bacteria
NC_024386,Leuconostoc phage phiLN25,Leuconostoc,Leuconostocaceae,Lactobacillales,Bacilli,Firmicutes,bacteria
NC_024387,Listeria phage LP-101,Listeria,Listeriaceae,Bacillales,Bacilli,Firmicutes,bacteria
NC_024388,Leuconostoc phage phiLN34,Leuconostoc,Leuconostocaceae,Lactobacillales,Bacilli,Firmicutes,bacteria
NC_024389,Leuconostoc phage phiLNTR2,Leuconostoc,Leuconostocaceae,Lactobacillales,Bacilli,Firmicutes,bacteria
NC_024390,Leuconostoc phage phiLN03,Leuconostoc,Leuconostocaceae,Lactobacillales,Bacilli,Firmicutes,bacteria
NC_024391,Staphylococcus phage DW2,Staphylococcus,Staphylococcaceae,Bacillales,Bacilli,Firmicutes,bacteria
NC_024392,Listeria phage LP-114,Listeria,Listeriaceae,Bacillales,Bacilli,Firmicutes,bacteria
NC_024711,uncultured phage crAssphage,unclassified,NA,NA,NA,NA,bacteria
NC_024782,Pseudomonas phage MP48,Pseudomonas,Pseudomonadaceae,Pseudomonadales,Gammaproteobacteria,Proteobacteria,bacteria
NC_024783,Enterobacteria phage EK99P-1,Escherichia,Enterobacteriaceae,Enterobacteriales,Gammaproteobacteria,Proteobacteria,bacteria
NC_024784,Escherichia phage bV_EcoS_AHS24,Escherichia,Enterobacteriaceae,Enterobacteriales,Gammaproteobacteria,Proteobacteria,bacteria
NC_024785,Acinetobacter phage YMC-13-01-C62,Acinetobacter,Moraxellaceae,Pseudomonadales,Gammaproteobacteria,Proteobacteria,bacteria
NC_024786,Escherichia phage vB_EcoP_PhAPEC5,NA,NA,NA,NA,NA,bacteria
NC_024787,Listeria phage LMTA-148,Listeria,Listeriaceae,Bacillales,Bacilli,Firmicutes,bacteria
NC_024788,Bacillus phage Riley,NA,NA,NA,NA,NA,bacteria
NC_024789,Escherichia phage bV_EcoS_AKS96,Escherichia,Enterobacteriaceae,Enterobacteriales,Gammaproteobacteria,Proteobacteria,bacteria
NC_024790,Escherichia phage vB_EcoP_PhAPEC7,Escherichia,Enterobacteriaceae,Enterobacteriales,Gammaproteobacteria,Proteobacteria,bacteria
NC_024791,Vibrio phage ICP2_2013_A_Haiti,Vibrio,Vibrionaceae,Vibrionales,Gammaproteobacteria,Proteobacteria,bacteria
NC_024792,Bacillus phage Bobb,Bacillus,Bacillaceae,Bacillales,Bacilli,Firmicutes,bacteria
NC_024793,Escherichia phage bV_EcoS_AHP42,Escherichia,Enterobacteriaceae,Enterobacteriales,Gammaproteobacteria,Proteobacteria,bacteria
NC_024794,Escherichia phage vB_EcoM_PhAPEC2,Escherichia,Enterobacteriaceae,Enterobacteriales,Gammaproteobacteria,Proteobacteria,bacteria
NC_025115,Ralstonia phage RSY1,Ralstonia,Burkholderiaceae,Burkholderiales,Betaproteobacteria,Proteobacteria,bacteria
NC_025414,Citrobacter phage Miller,NA,NA,NA,NA,NA,bacteria
NC_025415,Lactobacillus phage Ld25A,Lactobacillus,Lactobacillaceae,Lactobacillales,Bacilli,Firmicutes,bacteria
NC_025416,Staphylococcus phage MCE-2014,Staphylococcus,Staphylococcaceae,Bacillales,Bacilli,Firmicutes,bacteria
NC_025417,Staphylococcus phage Team1,Staphylococcus,Staphylococcaceae,Bacillales,Bacilli,Firmicutes,bacteria
NC_025418,Klebsiella phage NTUH-K2044-K1-1,NA,NA,NA,NA,NA,bacteria
NC_025419,Enterobacteria phage RB3,Escherichia,Enterobacteriaceae,Enterobacteriales,Gammaproteobacteria,Proteobacteria,bacteria
NC_025420,Lactobacillus phage Ld17,Lactobacillus,Lactobacillaceae,Lactobacillales,Bacilli,Firmicutes,bacteria
NC_025421,Lactobacillus phage Ld3,Lactobacillus,Lactobacillaceae,Lactobacillales,Bacilli,Firmicutes,bacteria
NC_025422,Caulobacter phage Cr30,Caulobacter,Caulobacteraceae,Caulobacterales,Alphaproteobacteria,Proteobacteria,bacteria
NC_025423,Bacillus phage CP-51,Bacillus,Bacillaceae,Bacillales,Bacilli,Firmicutes,bacteria
NC_025424,Bacillus phage Waukesha92,Bacillus,Bacillaceae,Bacillales,Bacilli,Firmicutes,bacteria
NC_025425,Enterobacteria phage GEC-3S,Escherichia,Enterobacteriaceae,Enterobacteriales,Gammaproteobacteria,Proteobacteria,bacteria
NC_025426,Staphylococcus phage P108,Staphylococcus,Staphylococcaceae,Bacillales,Bacilli,Firmicutes,bacteria
NC_025427,Rhizobium phage vB_RleM_PPF1,Rhizobium,Rhizobiaceae,Rhizobiales,Alphaproteobacteria,Proteobacteria,bacteria
NC_025428,Ruegeria phage DSS3-P1,Ruegeria,Rhodobacteraceae,Rhodobacterales,Alphaproteobacteria,Proteobacteria,bacteria
NC_025429,Rhizobium phage vB_RleM_P10VF,Rhizobium,Rhizobiaceae,Rhizobiales,Alphaproteobacteria,Proteobacteria,bacteria
NC_025430,Escherichia phage vB_EcoM-ep3,Escherichia,Enterobacteriaceae,Enterobacteriales,Gammaproteobacteria,Proteobacteria,bacteria
NC_025431,Mesorhizobium phagevB_MloP_Lo5R7ANS,Mesorhizobium,Phyllobacteriaceae,Rhizobiales,Alphaproteobacteria,Proteobacteria,bacteria
NC_025433,Mycobacterium phage Taj,Mycobacterium,Mycobacteriaceae,Corynebacteriales,Actinobacteria,Actinobacteria,bacteria
NC_025434,Shigella phage POCJ13,Shigella,Enterobacteriaceae,Enterobacteriales,Gammaproteobacteria,Proteobacteria,bacteria
NC_025436,Shewanella sp. phage 1/4,NA,NA,NA,NA,NA,bacteria
NC_025437,Shigella phage Shf125875,Shigella,Enterobacteriaceae,Enterobacteriales,Gammaproteobacteria,Proteobacteria,bacteria
NC_025438,Mycobacterium phage Soto,Mycobacterium,Mycobacteriaceae,Corynebacteriales,Actinobacteria,Actinobacteria,bacteria
NC_025439,Idiomarinaceae phage 1N2-2,Idiomarinaceae,NA,NA,NA,NA,bacteria
NC_025440,Listeria phage WIL-1,Listeria,Listeriaceae,Bacillales,Bacilli,Firmicutes,bacteria
NC_025441,Escherichia phage ECML-117,Escherichia,Enterobacteriaceae,Enterobacteriales,Gammaproteobacteria,Proteobacteria,bacteria
NC_025442,Salmonella phage Chi,Salmonella,Enterobacteriaceae,Enterobacteriales,Gammaproteobacteria,Proteobacteria,bacteria
NC_025443,Salmonella phage 9NA,Salmonella,Enterobacteriaceae,Enterobacteriales,Gammaproteobacteria,Proteobacteria,bacteria
NC_025444,Mycobacterium phage RedRock,Mycobacterium,Mycobacteriaceae,Corynebacteriales,Actinobacteria,Actinobacteria,bacteria
NC_025445,Enterobacteria phage J8-65,Escherichia,Enterobacteriaceae,Enterobacteriales,Gammaproteobacteria,Proteobacteria,bacteria
NC_025446,Escherichia phage ECML-4,Escherichia,Enterobacteriaceae,Enterobacteriales,Gammaproteobacteria,Proteobacteria,bacteria
NC_025447,Escherichia phage 121Q,Escherichia,Enterobacteriaceae,Enterobacteriales,Gammaproteobacteria,Proteobacteria,bacteria
NC_025448,Enterobacteria phage RB27,Escherichia,Enterobacteriaceae,Enterobacteriales,Gammaproteobacteria,Proteobacteria,bacteria
NC_025449,Escherichia phage ECML-134,Escherichia,Enterobacteriaceae,Enterobacteriales,Gammaproteobacteria,Proteobacteria,bacteria
NC_025450,Lelliottia phage phD2B,Lelliottia,Enterobacteriaceae,Enterobacteriales,Gammaproteobacteria,Proteobacteria,bacteria
NC_025451,Yersinia phage vB_YenP_AP5,Yersinia,Enterobacteriaceae,Enterobacteriales,Gammaproteobacteria,Proteobacteria,bacteria
NC_025452,Dickeya phage RC-2014,Dickeya,Enterobacteriaceae,Enterobacteriales,Gammaproteobacteria,Proteobacteria,bacteria
NC_025453,Enterococcus phage EFC-1,Enterococcus,Enterococcaceae,Lactobacillales,Bacilli,Firmicutes,bacteria
NC_025454,Ralstonia phage RS603,Ralstonia,Burkholderiaceae,Burkholderiales,Betaproteobacteria,Proteobacteria,bacteria
NC_025455,Synechococcus phage S-CBP2,Synechococcus,,Chroococcales,,Cyanobacteria,bacteria
NC_025456,Synechococcus phage S-CBP1,Synechococcus,,Chroococcales,,Cyanobacteria,bacteria
NC_025457,Acinetobacter phage vB_AbaP_Acibel007,Acinetobacter,Moraxellaceae,Pseudomonadales,Gammaproteobacteria,Proteobacteria,bacteria
NC_025458,Shewanella sp. phage 1/41,NA,NA,NA,NA,NA,bacteria
NC_025459,Aeromonas phage pAh6-C,Aeromonas,Aeromonadaceae,Aeromonadales,Gammaproteobacteria,Proteobacteria,bacteria
NC_025460,Staphylococcus phage phiSa119,Staphylococcus,Staphylococcaceae,Bacillales,Bacilli,Firmicutes,bacteria
NC_025461,Synechococcus phage S-CBP3,Synechococcus,,Chroococcales,,Cyanobacteria,bacteria
NC_025462,Acinetobacter phage vB_AbaM_Acibel004,Acinetobacter,Moraxellaceae,Pseudomonadales,Gammaproteobacteria,Proteobacteria,bacteria
NC_025463,Shewanella sp. phage 1/44,NA,NA,NA,NA,NA,bacteria
NC_025464,Synechococcus phage S-CBP4,Synechococcus,,Chroococcales,,Cyanobacteria,bacteria
NC_025465,Enterococcus phage EfaCPT1,Enterococcus,Enterococcaceae,Lactobacillales,Bacilli,Firmicutes,bacteria
NC_025466,Shewanella sp. phage 3/49,NA,NA,NA,NA,NA,bacteria
NC_025467,Enterococcus phage vB_Efae230P-4,Enterococcus,Enterococcaceae,Lactobacillales,Bacilli,Firmicutes,bacteria
NC_025470,Shewanella sp. phage 1/40,NA,NA,NA,NA,NA,bacteria
NC_025471,Idiomarinaceae phage Phi1M2-2,Idiomarinaceae,NA,NA,NA,NA,bacteria
NC_025822,Vibrio phage phi-A318,Vibrio,Vibrionaceae,Vibrionales,Gammaproteobacteria,Proteobacteria,bacteria
NC_025824,Enterobacteria phage fd,NA,NA,NA,NA,NA,bacteria
NC_025829,Shigella phage pSs-1,Shigella,Enterobacteriaceae,Enterobacteriales,Gammaproteobacteria,Proteobacteria,bacteria
NC_025830,Escherichia phage Av-05,Escherichia,Enterobacteriaceae,Enterobacteriales,Gammaproteobacteria,Proteobacteria,bacteria
NC_026010,Shigella phage pSf-2,Shigella,Enterobacteriaceae,Enterobacteriales,Gammaproteobacteria,Proteobacteria,bacteria
NC_026013,Microviridae IME-16,NA,NA,NA,NA,NA,bacteria
NC_026014,Enterobacteria phage P88,Escherichia,Enterobacteriaceae,Enterobacteriales,Gammaproteobacteria,Proteobacteria,bacteria
NC_026016,Staphylococcus phage phiBU01,Staphylococcus,Staphylococcaceae,Bacillales,Bacilli,Firmicutes,bacteria
NC_026017,Salmonella phage LSPA1,Salmonella,Enterobacteriaceae,Enterobacteriales,Gammaproteobacteria,Proteobacteria,bacteria
NC_026582,uncultured phage WW-nAnB,NA,NA,NA,NA,NA,bacteria
NC_026583,Mycobacterium phage Alvin,Mycobacterium,Mycobacteriaceae,Corynebacteriales,Actinobacteria,Actinobacteria,bacteria
NC_026584,Mycobacterium phage Minerva,Mycobacterium,Mycobacteriaceae,Corynebacteriales,Actinobacteria,Actinobacteria,bacteria
NC_026585,Mycobacterium phage Estave1,Mycobacterium,Mycobacteriaceae,Corynebacteriales,Actinobacteria,Actinobacteria,bacteria
NC_026586,Pseudomonas phage vB_PaeM_PAO1_Ab27,Pseudomonas,Pseudomonadaceae,Pseudomonadales,Gammaproteobacteria,Proteobacteria,bacteria
NC_026587,Pseudomonas phage vB_PaeM_PAO1_Ab03,Pseudomonas,Pseudomonadaceae,Pseudomonadales,Gammaproteobacteria,Proteobacteria,bacteria
NC_026588,Mycobacterium phage Squirty,Mycobacterium,Mycobacteriaceae,Corynebacteriales,Actinobacteria,Actinobacteria,bacteria
NC_026589,Mycobacterium phage Sbash,Mycobacterium,Mycobacteriaceae,Corynebacteriales,Actinobacteria,Actinobacteria,bacteria
NC_026590,Mycobacterium phage Gaia,Mycobacterium,Mycobacteriaceae,Corynebacteriales,Actinobacteria,Actinobacteria,bacteria
NC_026591,Mycobacterium phage Trike,Mycobacterium,Mycobacteriaceae,Corynebacteriales,Actinobacteria,Actinobacteria,bacteria
NC_026593,Mycobacterium phage BuzzLyseyear,Mycobacterium,Mycobacteriaceae,Corynebacteriales,Actinobacteria,Actinobacteria,bacteria
NC_026594,Pseudomonas phage vB_PaeS_PAO1_Ab18,Pseudomonas,Pseudomonadaceae,Pseudomonadales,Gammaproteobacteria,Proteobacteria,bacteria
NC_026595,Mycobacterium phage Hades,Mycobacterium,Mycobacteriaceae,Corynebacteriales,Actinobacteria,Actinobacteria,bacteria
NC_026596,Mycobacterium phage Inventum,Mycobacterium,Mycobacteriaceae,Corynebacteriales,Actinobacteria,Actinobacteria,bacteria
NC_026597,Mycobacterium phage Sparky,Mycobacterium,Mycobacteriaceae,Corynebacteriales,Actinobacteria,Actinobacteria,bacteria
NC_026598,Mycobacterium phage Milly,Mycobacterium,Mycobacteriaceae,Corynebacteriales,Actinobacteria,Actinobacteria,bacteria
NC_026599,Pseudomonas phage vB_PaeP_C2-10_Ab22,Pseudomonas,Pseudomonadaceae,Pseudomonadales,Gammaproteobacteria,Proteobacteria,bacteria
NC_026600,Pseudomonas phage vB_PaeM_C1-14_Ab28,Pseudomonas,Pseudomonadaceae,Pseudomonadales,Gammaproteobacteria,Proteobacteria,bacteria
NC_026601,Pseudomonas phage vB_PaeS_PAO1_Ab30,Pseudomonas,Pseudomonadaceae,Pseudomonadales,Gammaproteobacteria,Proteobacteria,bacteria
NC_026602,Pseudomonas phage vB_PaeP_PAO1_Ab05,Pseudomonas,Pseudomonadaceae,Pseudomonadales,Gammaproteobacteria,Proteobacteria,bacteria
NC_026603,Mycobacterium phage Keshu,Mycobacterium,Mycobacteriaceae,Corynebacteriales,Actinobacteria,Actinobacteria,bacteria
NC_026604,Mycobacterium phage Cerasum,Mycobacterium,Mycobacteriaceae,Corynebacteriales,Actinobacteria,Actinobacteria,bacteria
NC_026605,Mycobacterium phage Malithi,Mycobacterium,Mycobacteriaceae,Corynebacteriales,Actinobacteria,Actinobacteria,bacteria
NC_026606,Arthrobacter phage vB_ArtM-ArV1,Arthrobacter,Micrococcaceae,Micrococcales,Actinobacteria,Actinobacteria,bacteria
NC_026607,Salmonella phage STP4-a,Salmonella,Enterobacteriaceae,Enterobacteriales,Gammaproteobacteria,Proteobacteria,bacteria
NC_026608,Paracoccus phage vB_PmaS_IMEP1,Paracoccus,Rhodobacteraceae,Rhodobacterales,Alphaproteobacteria,Proteobacteria,bacteria
NC_026609,Lactobacillus phage Ldl1,Lactobacillus,Lactobacillaceae,Lactobacillales,Bacilli,Firmicutes,bacteria
NC_026610,Vibrio phage VpKK5,Vibrio,Vibrionaceae,Vibrionales,Gammaproteobacteria,Proteobacteria,bacteria
NC_026611,Edwardsiella phage GF-2,NA,NA,NA,NA,NA,bacteria
NC_026612,Uncultured phage WW-nAnB strain 2,Homo,NA,NA,NA,NA,bacteria
NC_026613,Uncultured phage WW-nAnB strain 3,Homo,NA,NA,NA,NA,bacteria
NC_026665,Eel River basin pequenovirus,NA,NA,NA,NA,NA,bacteria
NC_026923,Synechococcus phage ACG-2014d,NA,NA,NA,NA,NA,bacteria
NC_026924,Synechococcus phage ACG-2014g,NA,NA,NA,NA,NA,bacteria
NC_026926,Synechococcus phage ACG-2014j,NA,NA,NA,NA,NA,bacteria
NC_026927,Synechococcus phage ACG-2014f,NA,NA,NA,NA,NA,bacteria
NC_026928,Synechococcus phage ACG-2014e,NA,NA,NA,NA,NA,bacteria
NC_027368,Vibrio phage PV94,Vibrio,Vibrionaceae,Vibrionales,Gammaproteobacteria,Proteobacteria,bacteria
NC_028764,Clostridium phage phiCD505,Clostridium,Clostridiaceae,Clostridiales,Clostridia,Firmicutes,bacteria
NC_028838,Clostridium phage phiCD506,Clostridium,Clostridiaceae,Clostridiales,Clostridia,Firmicutes,bacteria
NC_028883,Clostridium phage phiMMP01,Clostridium,Clostridiaceae,Clostridiales,Clostridia,Firmicutes,bacteria
NC_028905,Clostridium phage phiCD111,Clostridium,Clostridiaceae,Clostridiales,Clostridia,Firmicutes,bacteria
NC_028951,Clostridium phage phiCD481-1,Clostridium,Clostridiaceae,Clostridiales,Clostridia,Firmicutes,bacteria
NC_028958,Clostridium phage phiCD146,Clostridium,Clostridiaceae,Clostridiales,Clostridia,Firmicutes,bacteria
NC_028959,Clostridium phage phiMMP03,Clostridium,Clostridiaceae,Clostridiales,Clostridia,Firmicutes,bacteria
NC_028996,Clostridium phage phiCDHM19,NA,NA,NA,NA,NA,bacteria
NC_029048,Clostridium phage phiCD211,Clostridium,Clostridiaceae,Clostridiales,Clostridia,Firmicutes,bacteria
NG_041717,          Vibrio phage CTX,NA,NA,NA,NA,NA,bacteria
NG_041718,          Vibrio phage CTX,NA,NA,NA,NA,NA,bacteria
